,0
tx_count_7d,2.0
tx_count_30d,3.0
tx_amount_30d,12315.83
debit_credit_ratio_7d,2.043691666894212
peak_daily_tx,2.0
tx_velocity_zscore,1.9588996906383178
fan_in_unique,8.0
fan_out_unique,8.0
counterparty_entropy,3.2619191803714442
repeat_cp_ratio,0.8636363636363636
hub_score,0.09302325581395349
round_amount_pct,0.16738197424892703
channel_entropy,2.298117432963272
night_tx_ratio,0.08695652173913043
structuring_rate,0.0
salary_cycle_pct,0.15267175572519084
weekend_tx_ratio,0.2
dormancy_days,20.0
active_lifespan_days,715.0
avg_amt_first30d,3707.99
activity_burst_zscore,1.9588996906383178
kyc_compliant_flag,1.0
kyc_doc_score,1.0
customer_age,49.464750171115675
account_age_days,805.0
multi_account_flag,0.0
mobile_update_flag,0.0
frozen_account_flag,0.0
credit_to_balance_ratio,17.840107408360325
debit_spike_flag,1.0
mule_pattern_score,1.0
branch_mule_rate,0.0
product_count,1.0
